COMPANY & TICKER,,REC DATE,TEAM,RISK,MARKET CAP,ADJ REC PRICE,RETURN,S&P RETURN,VS. S&P RETURN,FAVORITES
,WEX,6/18/20,David,15,$8B,$171.53 ,0.70%,-0.60%,1.20%,Add WEX to your Favorites
,WEX New!,,,,,,,,,
,"CrowdStrike Holdings, Inc.",6/4/20,Tom,,$22B,$95.98 ,5.30%,-0.40%,5.70%,Add CRWD to your Favorites
,CRWD New! Now,,,,,,,,,
,Globus Medical,5/21/20,David,8,$5B,$54.59 ,-11.00%,5.20%,-16.20%,Add GMED to your Favorites
,GMED,,,,,,,,,
,"ServiceNow, Inc.",5/7/20,Tom,,$76B,$381.83 ,4.70%,7.80%,-3.10%,Add NOW to your Favorites
,NOW,,,,,,,,,
,Zoom Video Communications,4/16/20,David,8,$69B,$150.26 ,62.00%,11.10%,51.00%,Add ZM to your Favorites
,ZM,,,,,,,,,
,Shopify,4/2/20,Tom,,$105B,$346.30 ,154.40%,23.10%,131.30%,SHOP is in your Favorites
,SHOP Starter,,,,,,,,,
,Zoom Video Communications,3/19/20,David,8,$69B,$123.77 ,96.70%,29.20%,67.50%,Add ZM to your Favorites
,ZM,,,,,,,,,
,Luckin Coffee Inc.,3/5/20,Tom,,$967M,$41.14 ,-90.70%,3.10%,-93.80%,Add LK to your Favorites
,LK Hold,,,,,,,,,
,DexCom,2/20/20,David,9,$38B,$302.51 ,35.30%,-7.50%,42.80%,Add DXCM to your Favorites
,DXCM,,,,,,,,,
,Invitae,2/6/20,Tom,,$2B,$22.16 ,-15.60%,-6.60%,-8.90%,Add NVTA to your Favorites
,NVTA,,,,,,,,,
,Nice Systems,1/16/20,David,10,N/A Stock quote details,$176.27 ,10.60%,-5.80%,16.30%,Add NICE to your Favorites
,NICE,,,,,,,,,
,Tesla,1/2/20,Tom,,$186B,$430.26 ,132.60%,-4.00%,136.60%,TSLA is in your Favorites
,TSLA Now,,,,,,,,,
,Accenture,12/19/19,David,5,$128B,$206.57 ,-2.40%,-2.40%,0.00%,Add ACN to your Favorites
,ACN,,,,,,,,,
,HubSpot,12/5/19,Tom,,$10B,$153.55 ,43.30%,0.40%,42.80%,Add HUBS to your Favorites
,HUBS,,,,,,,,,
,Netflix,11/21/19,David,11,$200B,$311.69 ,45.60%,1.00%,44.60%,NFLX is in your Favorites
,NFLX Now Starter,,,,,,,,,
,The Trade Desk,11/7/19,Tom,,$18B,$192.75 ,104.80%,1.70%,103.10%,Add TTD to your Favorites
,TTD Now Starter,,,,,,,,,
,Neurocrine Biosciences,10/17/19,David,9,$12B,$96.85 ,33.00%,4.80%,28.30%,Add NBIX to your Favorites
,NBIX,,,,,,,,,
,Zoom Video Communications,10/3/19,Tom,,$69B,$76.83 ,216.90%,8.00%,209.00%,Add ZM to your Favorites
,ZM Now,,,,,,,,,
,SolarEdge Technologies,9/19/19,David,12,$8B,$89.42 ,71.80%,4.60%,67.20%,Add SEDG to your Favorites
,SEDG,,,,,,,,,
,Slack Technologies,9/5/19,Tom,,$19B,$30.01 ,10.40%,5.70%,4.70%,Add WORK to your Favorites
,WORK,,,,,,,,,
,Jack Henry & Associates,8/15/19,David,9,$14B,$140.46 ,29.10%,10.60%,18.40%,Add JKHY to your Favorites
,JKHY,,,,,,,,,
,Charlotte's Web,8/1/19,Tom,,$871M,$20.32 ,-77.30%,6.80%,-84.20%,Add CWBHF to your Favorites
,CWBHF,,,,,,,,,
,Zynga,7/18/19,David,12,$9B,$6.30 ,47.50%,5.40%,42.10%,Add ZNGA to your Favorites
,ZNGA Now,,,,,,,,,
,Zoom Video Communications,7/3/19,Tom,,$69B,$90.45 ,169.20%,5.40%,163.80%,Add ZM to your Favorites
,ZM Now,,,,,,,,,
,Waste Management,6/20/19,David,9,$43B,$113.95 ,-10.70%,7.00%,-17.70%,Add WM to your Favorites
,WM,,,,,,,,,
,HealthEquity,6/6/19,Tom,,$4B,$65.69 ,-8.00%,11.20%,-19.20%,Add HQY to your Favorites
,HQY,,,,,,,,,
,Synopsys,5/16/19,David,8,$28B,$123.17 ,49.80%,10.10%,39.70%,Add SNPS to your Favorites
,SNPS,,,,,,,,,
,Wix.com,5/2/19,Tom,,$12B,$136.80 ,73.10%,8.70%,64.40%,WIX is in your Favorites
,WIX,,,,,,,,,
,Zynga,4/18/19,David,12,$9B,$5.44 ,70.80%,9.20%,61.60%,Add ZNGA to your Favorites
,ZNGA Now,,,,,,,,,
,Ollie's Bargain Outlet Holdings,4/4/19,Tom,,$7B,$87.68 ,16.40%,10.20%,6.20%,Add OLLI to your Favorites
,OLLI,,,,,,,,,
,Hill-Rom Holdings,3/21/19,David,14,$7B,$105.96 ,-7.30%,11.20%,-18.60%,Add HRC to your Favorites
,HRC,,,,,,,,,
,Twilio,3/7/19,Tom,,$29B,$115.50 ,82.10%,15.60%,66.40%,TWLO is in your Favorites
,TWLO,,,,,,,,,
,Nintendo,2/21/19,David,8,"$6,018B",$34.77 ,68.50%,14.60%,53.90%,Add NTDOY to your Favorites
,NTDOY,,,,,,,,,
,Appian,2/7/19,Tom,,$4B,$34.19 ,51.40%,17.70%,33.70%,Add APPN to your Favorites
,APPN Starter,,,,,,,,,
,Hawaiian Holdings,1/17/19,David,13,$720M,$32.78 ,-52.20%,21.00%,-73.20%,Add HA to your Favorites
,HA,,,,,,,,,
,Twilio,1/3/19,Tom,,$29B,$81.25 ,158.80%,30.30%,128.50%,TWLO is in your Favorites
,TWLO,,,,,,,,,
,Telkom Indonesia,12/13/18,David,8,"$324,924B",$25.92 ,-12.00%,20.50%,-32.50%,Add TLK to your Favorites
,TLK,,,,,,,,,
,Mastercard,11/29/18,Tom,,$298B,$195.01 ,52.00%,16.80%,35.30%,Add MA to your Favorites
,MA Starter,,,,,,,,,
,Zebra Technologies,11/15/18,David,9,$14B,$178.91 ,47.80%,17.20%,30.60%,Add ZBRA to your Favorites
,ZBRA,,,,,,,,,
,Zscaler,11/1/18,Tom,,$14B,$38.96 ,178.70%,16.90%,161.80%,Add ZS to your Favorites
,ZS,,,,,,,,,
,Amazon,10/18/18,David,8,"$1,334B","$1,770.72 ",51.10%,15.80%,35.30%,AMZN is in your Favorites
,AMZN Starter,,,,,,,,,
,Square,10/4/18,Tom,,$43B,$94.49 ,3.70%,10.50%,-6.80%,SQ is in your Favorites
,SQ,,,,,,,,,
,Union Pacific,9/20/18,David,7,$114B,$157.78 ,6.40%,9.50%,-3.10%,Add UNP to your Favorites
,UNP,,,,,,,,,
,Stitch Fix,9/6/18,Tom,,$2B,$45.19 ,-46.50%,11.60%,-58.10%,Add SFIX to your Favorites
,SFIX,,,,,,,,,
,Alaska Air Group,8/16/18,David,13,$4B,$61.97 ,-41.40%,13.20%,-54.60%,Add ALK to your Favorites
,ALK,,,,,,,,,
,Arista Networks,8/2/18,Tom,,$17B,$271.85 ,-19.80%,13.90%,-33.70%,Add ANET to your Favorites
,ANET Now,,,,,,,,,
,BlackBerry,7/19/18,David,13,$4B,$10.33 ,-51.00%,14.80%,-65.80%,Add BB to your Favorites
,BB,,,,,,,,,
,Stitch Fix,7/5/18,Tom,,$2B,$28.83 ,-16.20%,17.80%,-33.90%,Add SFIX to your Favorites
,SFIX,,,,,,,,,
,Amgen,6/21/18,David,9,$140B,$175.59 ,35.90%,17.20%,18.70%,Add AMGN to your Favorites
,AMGN,,,,,,,,,
,Wix.com,6/7/18,Tom,,$12B,$92.90 ,155.00%,16.50%,138.50%,WIX is in your Favorites
,WIX,,,,,,,,,
,New Relic,5/17/18,David,12,$4B,$90.13 ,-22.60%,18.70%,-41.30%,Add NEWR to your Favorites
,NEWR,,,,,,,,,
,Shopify,5/3/18,Tom,,$105B,$135.17 ,551.80%,23.00%,528.80%,SHOP is in your Favorites
,SHOP Starter,,,,,,,,,
,Shopify,4/20/18,Tom,,$105B,$126.79 ,594.80%,21.20%,573.70%,SHOP is in your Favorites
,SHOP Starter,,,,,,,,,
,Okta,4/20/18,David,9,$25B,$41.97 ,372.20%,21.20%,351.00%,Add OKTA to your Favorites
,OKTA Now,,,,,,,,,
,Markel,3/15/18,Tom,,$13B,"$1,139.36 ",-18.30%,17.90%,-36.20%,Add MKL to your Favorites
,MKL,,,,,,,,,
,Cirrus Logic,3/15/18,David,12,$4B,$43.06 ,45.20%,17.90%,27.30%,Add CRUS to your Favorites
,CRUS,,,,,,,,,
,Varonis Systems,2/16/18,Tom,,$3B,$56.30 ,55.40%,18.80%,36.60%,Add VRNS to your Favorites
,VRNS,,,,,,,,,
,Fair Isaac,2/16/18,David,10,$12B,$166.48 ,153.40%,18.80%,134.60%,Add FICO to your Favorites
,FICO,,,,,,,,,
,Paycom Software,1/19/18,Tom,,$18B,$91.19 ,248.90%,15.70%,233.20%,Add PAYC to your Favorites
,PAYC,,,,,,,,,
,Okta,1/19/18,David,9,$25B,$29.18 ,579.20%,15.70%,563.50%,Add OKTA to your Favorites
,OKTA Now,,,,,,,,,
,Appian,12/15/17,Tom,,$4B,$20.86 ,148.20%,21.70%,126.50%,Add APPN to your Favorites
,APPN Starter,,,,,,,,,
,Vail Resorts,12/15/17,David,9,$7B,$204.29 ,-10.80%,21.70%,-32.40%,Add MTN to your Favorites
,MTN,,,,,,,,,
,Talend,11/17/17,Tom,,$1B,$41.83 ,-16.30%,26.40%,-42.70%,Add TLND to your Favorites
,TLND,,,,,,,,,
,CME Group,11/17/17,David,8,$63B,$127.54 ,37.60%,26.40%,11.20%,Add CME to your Favorites
,CME,,,,,,,,,
,The Trade Desk,10/20/17,Tom,,$18B,$63.62 ,520.50%,26.90%,493.70%,Add TTD to your Favorites
,TTD Now Starter,,,,,,,,,
,HCA Healthcare,10/20/17,David,12,$33B,$78.84 ,23.70%,26.90%,-3.20%,Add HCA to your Favorites
,HCA,,,,,,,,,
,Arista Networks,9/15/17,Tom,,$17B,$176.96 ,23.20%,30.80%,-7.60%,Add ANET to your Favorites
,ANET Now,,,,,,,,,
,3M,9/15/17,David,9,$91B,$196.31 ,-19.40%,30.80%,-50.30%,Add MMM to your Favorites
,MMM,,,,,,,,,
,Grand Canyon Education,8/18/17,Tom,,$4B,$80.01 ,19.40%,35.10%,-15.80%,Add LOPE to your Favorites
,LOPE,,,,,,,,,
,JD.com,8/18/17,David,10,$361B,$40.13 ,46.10%,35.10%,11.00%,Add JD to your Favorites
,JD,,,,,,,,,
,iRobot,7/21/17,Tom,,$2B,$88.47 ,-8.00%,32.80%,-40.80%,Add IRBT to your Favorites
,IRBT,,,,,,,,,
,Cognex,7/21/17,David,8,$10B,$45.38 ,25.30%,32.80%,-7.50%,Add CGNX to your Favorites
,CGNX,,,,,,,,,
,Paycom Software,6/16/17,Tom,,$18B,$69.36 ,358.70%,35.10%,323.60%,Add PAYC to your Favorites
,PAYC,,,,,,,,,
,Textron,6/16/17,David,14,$8B,$47.21 ,-26.90%,35.10%,-62.00%,Add TXT to your Favorites
,TXT,,,,,,,,,
,Chipotle Mexican Grill,5/19/17,Tom,,$28B,$484.99 ,108.40%,38.30%,70.10%,CMG is in your Favorites
,CMG,,,,,,,,,
,Old Dominion Freight Line,5/19/17,David,6,$20B,$56.59 ,197.20%,38.30%,159.00%,Add ODFL to your Favorites
,ODFL,,,,,,,,,
,Marriott International,4/21/17,Tom,,$29B,$88.90 ,0.90%,40.50%,-39.60%,Add MAR to your Favorites
,MAR,,,,,,,,,
,Fortinet,4/21/17,David,8,$22B,$39.53 ,245.80%,40.50%,205.30%,Add FTNT to your Favorites
,FTNT,,,,,,,,,
,Western Alliance Bancorp,3/17/17,Tom,,$4B,$50.78 ,-23.60%,39.00%,-62.60%,Add WAL to your Favorites
,WAL,,,,,,,,,
,"Becton, Dickinson",3/17/17,David,12,$70B,$176.12 ,34.90%,39.00%,-4.00%,Add BDX to your Favorites
,BDX,,,,,,,,,
,BorgWarner,2/17/17,Tom,,$7B,$40.04 ,-14.50%,40.80%,-55.30%,Add BWA to your Favorites
,BWA,,,,,,,,,
,Tractor Supply,2/17/17,David,7,$15B,$68.45 ,86.50%,40.80%,45.70%,Add TSCO to your Favorites
,TSCO,,,,,,,,,
,Rollins,1/20/17,Tom,,$14B,$21.76 ,92.30%,46.00%,46.30%,Add ROL to your Favorites
,ROL,,,,,,,,,
,NVIDIA,1/20/17,David,5,$228B,$102.81 ,260.30%,46.00%,214.30%,NVDA is in your Favorites
,NVDA Now,,,,,,,,,
,Mastercard,12/16/16,Tom,,$298B,$101.26 ,192.80%,47.10%,145.70%,Add MA to your Favorites
,MA Starter,,,,,,,,,
,Masimo,12/16/16,David,5,$12B,$66.55 ,239.60%,47.10%,192.50%,Add MASI to your Favorites
,MASI,,,,,,,,,
,Markel,11/18/16,Tom,,$13B,$882.92 ,5.40%,52.50%,-47.10%,Add MKL to your Favorites
,MKL,,,,,,,,,
,JetBlue Airways,11/18/16,David,15,$3B,$20.73 ,-45.00%,52.50%,-97.50%,Add JBLU to your Favorites
,JBLU,,,,,,,,,
,Nike,10/21/16,Tom,,$149B,$49.55 ,93.30%,55.70%,37.60%,Add NKE to your Favorites
,NKE,,,,,,,,,
,Grupo Aeroportuario del Pacifico,10/21/16,David,8,$86B,$89.01 ,-18.90%,55.70%,-74.70%,Add PAC to your Favorites
,PAC,,,,,,,,,
,Starbucks,9/16/16,Tom,,$88B,$49.87 ,51.20%,56.10%,-4.90%,Add SBUX to your Favorites
,SBUX,,,,,,,,,
,Alkermes,9/16/16,David,14,$3B,$49.52 ,-62.90%,56.10%,-119.10%,Add ALKS to your Favorites
,ALKS,,,,,,,,,
,Facebook,8/19/16,Tom,,$680B,$123.56 ,93.30%,53.20%,40.10%,Add FB to your Favorites
,FB Starter,,,,,,,,,
,Match Group,8/19/16,David,9,$27B,$15.12 ,533.00%,53.20%,479.80%,MTCH is in your Favorites
,MTCH Now,,,,,,,,,
,Shopify,7/15/16,Tom,,$105B,$32.32 ,2625.90%,55.10%,2570.80%,SHOP is in your Favorites
,SHOP Starter,,,,,,,,,
,T-Mobile US,7/15/16,David,12,$132B,$44.41 ,140.70%,55.10%,85.60%,Add TMUS to your Favorites
,TMUS,,,,,,,,,
,SVB Financial Group,6/17/16,Tom,,$11B,$98.61 ,125.00%,62.10%,62.90%,Add SIVB to your Favorites
,SIVB,,,,,,,,,
,Ecolab,6/17/16,David,7,$57B,$113.53 ,76.00%,62.10%,13.80%,Add ECL to your Favorites
,ECL,,,,,,,,,
,Berkshire Hathaway (B shares),5/20/16,Tom,,$438B,$141.83 ,26.70%,63.90%,-37.20%,BRK.B is in your Favorites
,BRK.B,,,,,,,,,
,Stamps.com,5/20/16,David,10,$3B,$81.58 ,115.20%,63.90%,51.40%,Add STMP to your Favorites
,STMP,,,,,,,,,
,Match Group,4/15/16,David,9,$27B,$10.79 ,787.00%,62.00%,725.00%,MTCH is in your Favorites
,MTCH Now,,,,,,,,,
,Workday,3/18/16,Tom,,$43B,$72.00 ,154.90%,64.70%,90.20%,WDAY is in your Favorites
,WDAY,,,,,,,,,
,Illumina,3/18/16,David,6,$54B,$150.24 ,145.40%,64.70%,80.80%,Add ILMN to your Favorites
,ILMN,,,,,,,,,
,Alphabet (C shares),2/19/16,Tom,,$975B,$700.91 ,104.30%,76.30%,27.90%,GOOG is in your Favorites
,GOOG,,,,,,,,,
,Criteo,1/22/16,Tom,,$770M,$30.11 ,-58.60%,77.80%,-136.40%,Add CRTO to your Favorites
,CRTO Hold,,,,,,,,,
,Texas Roadhouse,1/22/16,David,10,$4B,$32.90 ,54.70%,77.80%,-23.10%,Add TXRH to your Favorites
,TXRH,,,,,,,,,
,Kinder Morgan,12/18/15,Tom,,$35B,$12.74 ,21.80%,69.30%,-47.50%,Add KMI to your Favorites
,KMI,,,,,,,,,
,The New York Times,12/18/15,David,10,$7B,$12.87 ,225.40%,69.30%,156.10%,Add NYT to your Favorites
,NYT,,,,,,,,,
,Affiliated Managers Group,11/20/15,Tom,,$4B,$169.93 ,-55.70%,62.80%,-118.50%,Add AMG to your Favorites
,AMG,,,,,,,,,
,Anheuser-Busch InBev NV,11/20/15,David,15,$90B,$112.95 ,-55.30%,62.80%,-118.10%,Add BUD to your Favorites
,BUD,,,,,,,,,
,Roper Technologies,10/16/15,Tom,,$41B,$168.94 ,131.20%,67.70%,63.50%,Add ROP to your Favorites
,ROP,,,,,,,,,
,Designer Brands Inc.,10/16/15,David,15,$477M,$20.88 ,-68.10%,67.70%,-135.80%,Add DBI to your Favorites
,DBI,,,,,,,,,
,Marriott International,9/18/15,Tom,,$29B,$65.45 ,37.00%,74.40%,-37.30%,Add MAR to your Favorites
,MAR,,,,,,,,,
,Novo Nordisk,9/18/15,David,7,"$1,049B",$51.17 ,32.00%,74.40%,-42.30%,Add NVO to your Favorites
,NVO,,,,,,,,,
,Mylan,8/21/15,David,15,$8B,$51.50 ,-68.60%,73.50%,-142.10%,Add MYL to your Favorites
,MYL,,,,,,,,,
,Amerco,7/17/15,David,12,$6B,$326.42 ,-5.00%,61.20%,-66.20%,Add UHAL to your Favorites
,UHAL,,,,,,,,,
,Chipotle Mexican Grill,6/19/15,Tom,,$28B,$615.31 ,64.30%,62.70%,1.60%,CMG is in your Favorites
,CMG,,,,,,,,,
,Nasdaq,5/15/15,David,12,$19B,$46.34 ,156.40%,62.00%,94.40%,Add NDAQ to your Favorites
,NDAQ,,,,,,,,,
,Jefferies Financial Group Inc. and Spectrum Brands Corporate Action Details,4/17/15,Tom,,N/A Corporate Action Details,N/A Corporate Action Details,-20.10%,65.60%,-85.60%,N/A Corporate Action Details
,JEF SPB,,,,,,,,,
,Casey's General Stores,4/17/15,David,9,$6B,$83.44 ,86.60%,65.60%,21.00%,Add CASY to your Favorites
,CASY,,,,,,,,,
,RH,3/20/15,David,14,$5B,$93.75 ,166.80%,63.60%,103.20%,Add RH to your Favorites
,RH,,,,,,,,,
,Facebook,2/20/15,Tom,,$680B,$79.90 ,198.90%,63.70%,135.20%,Add FB to your Favorites
,FB Starter,,,,,,,,,
,XPO Logistics,1/16/15,Tom,,$7B,$37.56 ,110.80%,71.50%,39.30%,Add XPO to your Favorites
,XPO,,,,,,,,,
,RPM International,1/16/15,David,13,$10B,$40.71 ,85.30%,71.50%,13.80%,Add RPM to your Favorites
,RPM,,,,,,,,,
,Interactive Brokers,12/19/14,Tom,,$17B,$27.63 ,50.40%,67.40%,-17.10%,Add IBKR to your Favorites
,IBKR,,,,,,,,,
,Activision Blizzard,12/19/14,David,10,$59B,$19.38 ,295.20%,67.40%,227.80%,Add ATVI to your Favorites
,ATVI,,,,,,,,,
,Markel,10/17/14,Tom,,$13B,$647.00 ,43.90%,84.50%,-40.60%,Add MKL to your Favorites
,MKL,,,,,,,,,
,McCormick,10/17/14,David,10,$23B,$60.81 ,183.20%,84.50%,98.70%,Add MKC to your Favorites
,MKC,,,,,,,,,
,Cognizant Technology Solutions,9/19/14,Tom,,$29B,$43.37 ,24.90%,73.40%,-48.50%,Add CTSH to your Favorites
,CTSH,,,,,,,,,
,Nordstrom,9/19/14,David,18,$3B,$54.50 ,-68.70%,73.40%,-142.00%,Add JWN to your Favorites
,JWN,,,,,,,,,
,Booking Holdings,8/15/14,Tom,,$67B,"$1,270.12 ",28.10%,78.60%,-50.50%,Add BKNG to your Favorites
,BKNG,,,,,,,,,
,Sierra Wireless,8/15/14,David,15,$460M,$23.52 ,-60.50%,78.60%,-139.10%,Add SWIR to your Favorites
,SWIR,,,,,,,,,
,Criteo,7/18/14,Tom,,$770M,$32.11 ,-61.20%,76.80%,-138.00%,Add CRTO to your Favorites
,CRTO Hold,,,,,,,,,
,Idexx Laboratories,7/18/14,David,8,$27B,$65.62 ,379.50%,76.80%,302.70%,Add IDXX to your Favorites
,IDXX Starter,,,,,,,,,
,Sherwin-Williams,6/20/14,Tom,,$48B,$192.22 ,204.20%,78.40%,125.70%,Add SHW to your Favorites
,SHW,,,,,,,,,
,Cognex,6/20/14,David,8,$10B,$18.55 ,206.40%,78.40%,128.00%,Add CGNX to your Favorites
,CGNX,,,,,,,,,
,Lions Gate Entertainment Corporation Class B and Lions Gate Entertainment Corporation Class A Corporate Action Details,5/16/14,David,18,N/A Corporate Action Details,N/A Corporate Action Details,-71.30%,86.90%,-158.20%,N/A Corporate Action Details
,LGF.B LGF.A,,,,,,,,,
,Core Laboratories,4/17/14,Tom,,$867M,$187.70 ,-89.60%,88.60%,-178.20%,Add CLB to your Favorites
,CLB,,,,,,,,,
,Carter's,4/17/14,David,12,$4B,$67.21 ,25.40%,88.60%,-63.20%,Add CRI to your Favorites
,CRI,,,,,,,,,
,Littelfuse,3/21/14,David,12,$4B,$90.51 ,82.70%,88.60%,-6.00%,Add LFUS to your Favorites
,LFUS,,,,,,,,,
,CVS Health,2/21/14,David,10,$84B,$61.62 ,4.70%,92.00%,-87.40%,Add CVS to your Favorites
,CVS,,,,,,,,,
,Jefferies Financial Group Inc. and Spectrum Brands Corporate Action Details,1/17/14,Tom,,N/A Corporate Action Details,N/A Corporate Action Details,-34.20%,92.20%,-126.50%,N/A Corporate Action Details
,JEF SPB,,,,,,,,,
,Cboe Global Markets Inc,1/17/14,David,6,$11B,$45.88 ,115.20%,92.20%,23.00%,Add CBOE to your Favorites
,CBOE,,,,,,,,,
,Hyatt Hotels,10/18/13,David,13,$5B,$44.30 ,19.70%,103.60%,-83.90%,Add H to your Favorites
,H,,,,,,,,,
,Under Armour (C Shares) and Under Armour (A Shares) Corporate Action Details,9/20/13,Tom,,N/A Corporate Action Details,N/A Corporate Action Details,-53.30%,108.10%,-161.40%,N/A Corporate Action Details
,UA UAA,,,,,,,,,
,Sierra Wireless,9/20/13,David,15,$460M,$14.74 ,-37.00%,108.10%,-145.00%,Add SWIR to your Favorites
,SWIR,,,,,,,,,
,Texas Roadhouse,8/16/13,David,10,$4B,$22.20 ,129.20%,115.30%,14.00%,Add TXRH to your Favorites
,TXRH,,,,,,,,,
,Mastercard,6/21/13,Tom,,$298B,$54.85 ,440.50%,124.60%,315.90%,Add MA to your Favorites
,MA Starter,,,,,,,,,
,Netflix,6/21/13,David,11,$200B,$30.99 ,1364.30%,124.60%,1239.70%,NFLX is in your Favorites
,NFLX Now Starter,,,,,,,,,
,Vail Resorts,5/17/13,David,9,$7B,$56.36 ,223.50%,114.90%,108.60%,Add MTN to your Favorites
,MTN,,,,,,,,,
,Mastercard,4/19/13,Tom,,$298B,$49.94 ,493.70%,130.90%,362.80%,Add MA to your Favorites
,MA Starter,,,,,,,,,
,Gartner,3/15/13,Tom,,$11B,$52.09 ,130.40%,130.40%,0.00%,Add IT to your Favorites
,IT,,,,,,,,,
,CarMax,3/15/13,David,14,$15B,$41.66 ,120.50%,130.40%,-9.90%,Add KMX to your Favorites
,KMX,,,,,,,,,
,Chipotle Mexican Grill,2/15/13,Tom,,$28B,$314.19 ,221.70%,137.10%,84.60%,CMG is in your Favorites
,CMG,,,,,,,,,
,Williams-Sonoma,12/21/12,Tom,,$7B,$35.72 ,139.80%,152.70%,-13.00%,Add WSM to your Favorites
,WSM,,,,,,,,,
,Tesla,11/16/12,Tom,,$186B,$31.84 ,3043.50%,166.50%,2877.10%,TSLA is in your Favorites
,TSLA Now,,,,,,,,,
,Intuit,11/16/12,David,7,$75B,$54.93 ,421.20%,166.50%,254.70%,Add INTU to your Favorites
,INTU Starter,,,,,,,,,
,Westinghouse Air Brake Technologies,10/19/12,Tom,,$11B,$40.08 ,50.10%,153.40%,-103.30%,Add WAB to your Favorites
,WAB,,,,,,,,,
,Darling Ingredients,9/21/12,David,16,$4B,$18.14 ,32.10%,149.10%,-117.00%,Add DAR to your Favorites
,DAR,,,,,,,,,
,Booking Holdings,8/17/12,Tom,,$67B,$588.78 ,176.30%,157.00%,19.30%,Add BKNG to your Favorites
,BKNG,,,,,,,,,
,Kinder Morgan,8/17/12,David,11,$35B,$24.71 ,-37.20%,157.00%,-194.20%,Add KMI to your Favorites
,KMI,,,,,,,,,
,Alphabet (C shares) and Alphabet (A shares) Corporate Action Details,7/20/12,Tom,,N/A Corporate Action Details,N/A Corporate Action Details,368.50%,168.00%,200.50%,N/A Corporate Action Details
,GOOG GOOGL,,,,,,,,,
,TransDigm Group,7/20/12,David,12,$25B,$67.00 ,591.00%,168.00%,423.00%,Add TDG to your Favorites
,TDG,,,,,,,,,
,3D Systems,6/15/12,David,17,$871M,$19.74 ,-62.90%,172.50%,-235.30%,Add DDD to your Favorites
,DDD,,,,,,,,,
,Robert Half International,5/16/12,Tom,,$6B,$24.58 ,107.90%,176.70%,-68.80%,Add RHI to your Favorites
,RHI,,,,,,,,,
,LKQ,5/16/12,David,14,$8B,$18.08 ,43.50%,176.70%,-133.20%,Add LKQ to your Favorites
,LKQ,,,,,,,,,
,Heico,4/20/12,Tom,,$13B,$15.74 ,606.90%,166.40%,440.50%,Add HEI to your Favorites
,HEI,,,,,,,,,
,Clean Energy Fuels,3/16/12,David,13,$428M,$21.05 ,-89.90%,162.00%,-251.80%,Add CLNE to your Favorites
,CLNE,,,,,,,,,
,Ulta Beauty,1/20/12,Tom,,$12B,$75.42 ,181.40%,180.70%,0.70%,Add ULTA to your Favorites
,ULTA,,,,,,,,,
,3D Systems,1/20/12,David,17,$871M,$12.27 ,-40.20%,180.70%,-220.90%,Add DDD to your Favorites
,DDD,,,,,,,,,
,Oceaneering International,11/18/11,Tom,,$663M,$39.98 ,-83.30%,204.80%,-288.10%,Add OII to your Favorites
,OII,,,,,,,,,
,Starbucks,11/18/11,David,9,$88B,$18.25 ,313.00%,204.80%,108.20%,Add SBUX to your Favorites
,SBUX,,,,,,,,,
,Pegasystems,10/21/11,David,11,$8B,$17.21 ,449.70%,199.90%,249.80%,Add PEGA to your Favorites
,PEGA,,,,,,,,,
,Williams-Sonoma,9/16/11,Tom,,$7B,$27.14 ,215.50%,205.90%,9.60%,Add WSM to your Favorites
,WSM,,,,,,,,,
,Cummins,9/16/11,David,10,$26B,$78.17 ,123.00%,205.90%,-83.00%,Add CMI to your Favorites
,CMI,,,,,,,,,
,Corning,8/19/11,David,11,$20B,$11.49 ,132.50%,231.70%,-99.20%,Add GLW to your Favorites
,GLW,,,,,,,,,
,Balchem,7/15/11,Tom,,$3B,$42.98 ,111.00%,183.80%,-72.80%,Add BCPC to your Favorites
,BCPC,,,,,,,,,
,Apple,6/17/11,David,6,"$1,516B",$39.61 ,783.00%,194.10%,588.80%,AAPL is in your Favorites
,AAPL Starter,,,,,,,,,
,Sina and Weibo Corporate Action Details,4/15/11,David,12,N/A Corporate Action Details,N/A Corporate Action Details,-68.40%,184.40%,-252.80%,N/A Corporate Action Details
,SINA WB,,,,,,,,,
,II-VI,3/18/11,David,15,$4B,$23.16 ,112.30%,193.80%,-81.50%,Add IIVI to your Favorites
,IIVI,,,,,,,,,
,Tennant Company,1/21/11,Tom,,$1B,$33.62 ,89.70%,193.80%,-104.10%,Add TNC to your Favorites
,TNC,,,,,,,,,
,Cognex,1/21/11,David,8,$10B,$6.85 ,729.40%,193.80%,535.60%,Add CGNX to your Favorites
,CGNX,,,,,,,,,
,Amazon,12/17/10,David,8,"$1,334B",$177.58 ,1406.40%,203.60%,1202.80%,AMZN is in your Favorites
,AMZN Starter,,,,,,,,,
,Watsco,11/19/10,Tom,,$6B,$42.19 ,322.60%,215.20%,107.40%,Add WSO to your Favorites
,WSO,,,,,,,,,
,Gilead Sciences,9/17/10,David,10,$97B,$14.87 ,421.10%,237.10%,184.00%,Add GILD to your Favorites
,GILD,,,,,,,,,
,Discovery (C shares),8/20/10,David,10,$14B,$16.78 ,20.00%,254.70%,-234.70%,Add DISCK to your Favorites
,DISCK,,,,,,,,,
,Nike,7/16/10,Tom,,$149B,$15.21 ,529.60%,257.80%,271.80%,Add NKE to your Favorites
,NKE,,,,,,,,,
,Booking Holdings,6/18/10,David,9,$67B,$193.09 ,742.60%,241.40%,501.20%,Add BKNG to your Favorites
,BKNG,,,,,,,,,
,Boston Beer,5/21/10,David,9,$6B,$58.62 ,810.60%,251.30%,559.30%,Add SAM to your Favorites
,SAM,,,,,,,,,
,Discovery (C shares) Corporate Action Details,3/19/10,Tom,,$14B,$8.43 ,110.60%,230.50%,-119.90%,Add DISCK to your Favorites
,DISCK,,,,,,,,,
,NVIDIA,12/18/09,David,5,$228B,$15.47 ,2294.00%,249.50%,2044.50%,NVDA is in your Favorites
,NVDA Now,,,,,,,,,
,Aflac,11/20/09,Tom,,$26B,$17.04 ,114.80%,253.50%,-138.80%,Add AFL to your Favorites
,AFL,,,,,,,,,
,Hasbro,10/16/09,David,12,$10B,$21.75 ,228.00%,255.60%,-27.60%,Add HAS to your Favorites
,HAS,,,,,,,,,
,Dassault Systemes,9/18/09,David,11,$40B,$26.34 ,542.60%,262.50%,280.10%,Add DASTY to your Favorites
,DASTY,,,,,,,,,
,Adobe Systems,8/21/09,David,8,$206B,$32.84 ,1203.30%,277.90%,925.40%,ADBE is in your Favorites
,ADBE,,,,,,,,,
,Interactive Brokers,6/19/09,Tom,,$17B,$10.99 ,278.20%,322.60%,-44.40%,Add IBKR to your Favorites
,IBKR,,,,,,,,,
,Berkshire Hathaway (B shares),5/15/09,Tom,,$438B,$58.00 ,209.90%,342.00%,-132.10%,BRK.B is in your Favorites
,BRK.B,,,,,,,,,
,McKesson,2/20/09,David,12,$25B,$40.75 ,284.50%,409.70%,-125.20%,Add MCK to your Favorites
,MCK,,,,,,,,,
,National Instruments,1/16/09,Tom,,$5B,$11.45 ,238.70%,363.50%,-124.80%,Add NATI to your Favorites
,NATI,,,,,,,,,
,Cintas,12/19/08,Tom,,$28B,$18.58 ,1354.40%,344.80%,1009.60%,Add CTAS to your Favorites
,CTAS,,,,,,,,,
,Walt Disney Corporate Action Details,12/19/08,David,9,$207B,$61.88 ,651.50%,344.80%,306.70%,DIS is in your Favorites
,DIS,,,,,,,,,
,National Instruments,10/17/08,Tom,,$5B,$13.06 ,196.80%,322.20%,-125.40%,Add NATI to your Favorites
,NATI,,,,,,,,,
,Activision Blizzard,9/19/08,David,10,$59B,$15.52 ,393.40%,216.90%,176.50%,Add ATVI to your Favorites
,ATVI,,,,,,,,,
,Illumina,7/18/08,David,6,$54B,$43.12 ,755.10%,216.80%,538.30%,Add ILMN to your Favorites
,ILMN,,,,,,,,,
,Apple,6/20/08,David,6,"$1,516B",$21.68 ,1513.40%,203.50%,1310.00%,AAPL is in your Favorites
,AAPL Starter,,,,,,,,,
,Sherwin-Williams,3/20/08,Tom,,$48B,$45.33 ,1189.80%,202.40%,987.40%,Add SHW to your Favorites
,SHW,,,,,,,,,
,Canadian National Railway,3/20/08,David,6,$84B,$19.25 ,354.40%,202.40%,152.00%,Add CNI to your Favorites
,CNI,,,,,,,,,
,Apple,1/18/08,David,6,"$1,516B",$19.96 ,1652.50%,204.60%,1447.90%,AAPL is in your Favorites
,AAPL Starter,,,,,,,,,
,Netflix,6/15/07,Tom,,$200B,$2.82 ,16013.80%,166.20%,15847.60%,NFLX is in your Favorites
,NFLX,,,,,,,,,
,Berkshire Hathaway (B shares),4/20/07,Tom,,$438B,$72.56 ,147.70%,175.80%,-28.20%,BRK.B is in your Favorites
,BRK.B,,,,,,,,,
,Meritage Homes,3/16/07,Tom,,$3B,$32.34 ,127.00%,195.50%,-68.50%,Add MTH to your Favorites
,MTH,,,,,,,,,
,Arlo Technologies and Netgear Corporate Action Details,3/16/07,David,13,N/A Corporate Action Details,N/A Corporate Action Details,8.70%,195.50%,-186.80%,N/A Corporate Action Details
,ARLO NTGR,,,,,,,,,
,FedEx,12/15/06,David,10,$36B,$104.10 ,32.20%,188.60%,-156.40%,Add FDX to your Favorites
,FDX,,,,,,,,,
,Netflix,9/15/06,David,11,$200B,$3.25 ,13879.00%,213.60%,13665.50%,NFLX is in your Favorites
,NFLX Now Starter,,,,,,,,,
,Aflac,6/16/06,Tom,,$26B,$16.68 ,119.50%,232.30%,-112.80%,Add AFL to your Favorites
,AFL,,,,,,,,,
,Netflix,6/16/06,David,11,$200B,$3.87 ,11611.10%,232.30%,11378.80%,NFLX is in your Favorites
,NFLX Now Starter,,,,,,,,,
,Starbucks,2/17/06,David,9,$88B,$14.94 ,404.70%,225.10%,179.60%,Add SBUX to your Favorites
,SBUX,,,,,,,,,
,Weibo and Sina Corporate Action Details,11/18/05,David,12,N/A Corporate Action Details,N/A Corporate Action Details,58.00%,236.80%,-178.70%,N/A Corporate Action Details
,WB SINA,,,,,,,,,
,NVIDIA,4/15/05,David,5,$228B,$6.55 ,5558.00%,272.10%,5286.00%,NVDA is in your Favorites
,NVDA Now,,,,,,,,,
,Safety Insurance Group,2/18/05,Tom,,$1B,$17.11 ,339.70%,254.70%,85.00%,Add SAFT to your Favorites
,SAFT,,,,,,,,,
,Silicon Laboratories,1/21/05,Tom,,$4B,$28.26 ,245.00%,265.60%,-20.60%,Add SLAB to your Favorites
,SLAB,,,,,,,,,
,Netflix,12/17/04,David,11,$200B,$1.85 ,24368.70%,258.00%,24110.70%,NFLX is in your Favorites
,NFLX Now Starter,,,,,,,,,
,Netflix,10/1/04,David,11,$200B,$2.33 ,19349.10%,279.40%,19069.80%,NFLX is in your Favorites
,NFLX Now Starter,,,,,,,,,
,Walt Disney Corporate Action Details,8/20/04,David,9,$207B,$29.58 ,1472.40%,291.50%,1180.80%,DIS is in your Favorites
,DIS,,,,,,,,,
,Weibo and Sina Corporate Action Details,7/16/04,David,12,N/A Corporate Action Details,N/A Corporate Action Details,59.60%,291.20%,-231.60%,N/A Corporate Action Details
,WB SINA,,,,,,,,,
,UnitedHealth Group,5/21/04,Tom,,$276B,$26.85 ,984.60%,294.90%,689.60%,Add UNH to your Favorites
,UNH,,,,,,,,,
,Booking Holdings,5/21/04,David,9,$67B,$23.71 ,6761.70%,294.90%,6466.80%,Add BKNG to your Favorites
,BKNG,,,,,,,,,
,BMW,4/16/04,David,14,$37B,$42.30 ,51.30%,281.40%,-230.10%,Add BAMXF to your Favorites
,BAMXF,,,,,,,,,
,Walt Disney Corporate Action Details,7/11/03,David,9,$207B,$57.27 ,850.70%,339.20%,511.60%,DIS is in your Favorites
,DIS,,,,,,,,,
,Hasbro,4/11/03,David,12,$10B,$9.62 ,641.60%,407.00%,234.60%,Add HAS to your Favorites
,HAS,,,,,,,,,
,Walt Disney Corporate Action Details,3/7/03,David,9,$207B,$44.86 ,1113.70%,432.00%,681.70%,DIS is in your Favorites
,DIS,,,,,,,,,
,Activision Blizzard Corporate Action Details,2/7/03,David,10,$59B,$8.61 ,4683.90%,432.50%,4251.40%,Add ATVI to your Favorites
,ATVI,,,,,,,,,
,BorgWarner,1/10/03,Tom,,$7B,$5.76 ,494.60%,376.90%,117.70%,Add BWA to your Favorites
,BWA,,,,,,,,,
,FedEx,1/10/03,David,10,$36B,$51.20 ,168.80%,376.90%,-208.10%,Add FDX to your Favorites
,FDX,,,,,,,,,
,UnitedHealth Group Corporate Action Details,12/13/02,Tom,,$276B,$141.82 ,2247.20%,398.10%,1849.10%,Add UNH to your Favorites
,UNH,,,,,,,,,
,Walt Disney Corporate Action Details,11/8/02,David,9,$207B,$11.81 ,3839.40%,396.10%,3443.30%,DIS is in your Favorites
,DIS,,,,,,,,,
,Amazon,9/6/02,David,8,"$1,334B",$15.31 ,17372.30%,398.10%,16974.20%,AMZN is in your Favorites
,AMZN Starter,,,,,,,,,
,Activision Blizzard Corporate Action Details,8/9/02,David,10,$59B,$16.77 ,2356.40%,390.70%,1965.70%,Add ATVI to your Favorites
,ATVI,,,,,,,,,
,Walt Disney Corporate Action Details,6/7/02,David,9,$207B,$7.35 ,6228.80%,335.10%,5893.70%,DIS is in your Favorites
,DIS,,,,,,,,,
,eBay and PayPal Holdings Corporate Action Details,5/10/02,David,9,N/A Corporate Action Details,N/A Corporate Action Details,1139.40%,324.40%,815.00%,N/A Corporate Action Details
,EBAY PYPL,,,,,,,,,
,Costco Wholesale,4/12/02,Tom,,$132B,$30.45 ,885.00%,303.40%,581.60%,COST is in your Favorites
,COST,,,,,,,,,